Workbook
Name _xlcn.WorksheetConnection_07.sampledataexcelportfolioproject.xlsxcustomers1: #REF!
Name Slicer_Day_of_week: #N/A
Name Slicer_Duration_Category: #N/A
Name Slicer_Financial_Year: #N/A
Name Slicer_Representative: #N/A

Sheet Call Data
A1: Call number | B1: Customer ID | C1: Duration | D1: Duration Category | E1: Representative | F1: Date of Call | G1: Purchase Amount | H1: Purchase Category | I1: Satisfaction Rating | J1: Financial Year | K1: Day of week | L1: Duration Bucket | M1: Rating rounded
A2: Call_7271 | B2: C0003 | C2: 116 | D2: {=_xlfn.IFS(CallData[[#This Row],[Duration]]<=15,"Very short",CallData[[#This Row],[Duration]]<=30,"Short",CallData[[#This Row],[Duration]]<=60,"Medium",CallData[[#This Row],[Duration]]>60,"Long")} -> Long | E2: R05 | F2: 44927 | G2: 128 | H2: {=_xlfn.IFS(CallData[[#This Row],[Purchase Amount]]<=50,"Low",CallData[[#This Row],[Purchase Amount]]<=100,"Medium",CallData[[#This Row],[Purchase Amount]]<=150,"High",CallData[[#This Row],[Purchase Amount]]>150,"Very High")} -> High | I2: 4.9 | J2: =IF(MONTH('Call Data'!$F2)<=6, YEAR('Call Data'!$F2), YEAR('Call Data'!$F2)+1) -> 2023 | K2: =TEXT('Call Data'!$F2,"DDDD") -> Sunday | L2: 1 to 2 hours | M2: =ROUND('Call Data'!$I2,0) -> 5
A3: Call_7272 | B3: C0004 | C3: 119 | D3: {=_xlfn.IFS(CallData[[#This Row],[Duration]]<=15,"Very short",CallData[[#This Row],[Duration]]<=30,"Short",CallData[[#This Row],[Duration]]<=60,"Medium",CallData[[#This Row],[Duration]]>60,"Long")} -> Long | E3: R05 | F3: 44927 | G3: 135 | H3: {=_xlfn.IFS(CallData[[#This Row],[Purchase Amount]]<=50,"Low",CallData[[#This Row],[Purchase Amount]]<=100,"Medium",CallData[[#This Row],[Purchase Amount]]<=150,"High",CallData[[#This Row],[Purchase Amount]]>150,"Very High")} -> High | I3: 2.9 | J3: =IF(MONTH('Call Data'!$F3)<=6, YEAR('Call Data'!$F3), YEAR('Call Data'!$F3)+1) -> 2023 | K3: =TEXT('Call Data'!$F3,"DDDD") -> Sunday | L3: 1 to 2 hours | M3: =ROUND('Call Data'!$I3,0) -> 3
A4: Call_7273 | B4: C0005 | C4: 68 | D4: {=_xlfn.IFS(CallData[[#This Row],[Duration]]<=15,"Very short",CallData[[#This Row],[Duration]]<=30,"Short",CallData[[#This Row],[Duration]]<=60,"Medium",CallData[[#This Row],[Duration]]>60,"Long")} -> Long | E4: R02 | F4: 44927 | G4: 66 | H4: {=_xlfn.IFS(CallData[[#This Row],[Purchase Amount]]<=50,"Low",CallData[[#This Row],[Purchase Amount]]<=100,"Medium",CallData[[#This Row],[Purchase Amount]]<=150,"High",CallData[[#This Row],[Purchase Amount]]>150,"Very High")} -> Medium | I4: 4.7 | J4: =IF(MONTH('Call Data'!$F4)<=6, YEAR('Call Data'!$F4), YEAR('Call Data'!$F4)+1) -> 2023 | K4: =TEXT('Call Data'!$F4,"DDDD") -> Sunday | L4: 1 to 2 hours | M4: =ROUND('Call Data'!$I4,0) -> 5
A5: Call_7274 | B5: C0014 | C5: 119 | D5: {=_xlfn.IFS(CallData[[#This Row],[Duration]]<=15,"Very short",CallData[[#This Row],[Duration]]<=30,"Short",CallData[[#This Row],[Duration]]<=60,"Medium",CallData[[#This Row],[Duration]]>60,"Long")} -> Long | E5: R02 | F5: 44927 | G5: 22 | H5: {=_xlfn.IFS(CallData[[#This Row],[Purchase Amount]]<=50,"Low",CallData[[#This Row],[Purchase Amount]]<=100,"Medium",CallData[[#This Row],[Purchase Amount]]<=150,"High",CallData[[#This Row],[Purchase Amount]]>150,"Very High")} -> Low | I5: 2.9 | J5: =IF(MONTH('Call Data'!$F5)<=6, YEAR('Call Data'!$F5), YEAR('Call Data'!$F5)+1) -> 2023 | K5: =TEXT('Call Data'!$F5,"DDDD") -> Sunday | L5: 1 to 2 hours | M5: =ROUND('Call Data'!$I5,0) -> 3
A6: Call_7275 | B6: C0011 | C6: 128 | D6: {=_xlfn.IFS(CallData[[#This Row],[Duration]]<=15,"Very short",CallData[[#This Row],[Duration]]<=30,"Short",CallData[[#This Row],[Duration]]<=60,"Medium",CallData[[#This Row],[Duration]]>60,"Long")} -> Long | E6: R01 | F6: 44928 | G6: 31 | H6: {=_xlfn.IFS(CallData[[#This Row],[Purchase Amount]]<=50,"Low",CallData[[#This Row],[Purchase Amount]]<=100,"Medium",CallData[[#This Row],[Purchase Amount]]<=150,"High",CallData[[#This Row],[Purchase Amount]]>150,"Very High")} -> Low | I6: 2.8 | J6: =IF(MONTH('Call Data'!$F6)<=6, YEAR('Call Data'!$F6), YEAR('Call Data'!$F6)+1) -> 2023 | K6: =TEXT('Call Data'!$F6,"DDDD") -> Monday | L6: More than 2 hours | M6: =ROUND('Call Data'!$I6,0) -> 3
A7: Call_7276 | B7: C0011 | C7: 49 | D7: {=_xlfn.IFS(CallData[[#This Row],[Duration]]<=15,"Very short",CallData[[#This Row],[Duration]]<=30,"Short",CallData[[#This Row],[Duration]]<=60,"Medium",CallData[[#This Row],[Duration]]>60,"Long")} -> Medium | E7: R02 | F7: 44929 | G7: 135 | H7: {=_xlfn.IFS(CallData[[#This Row],[Purchase Amount]]<=50,"Low",CallData[[#This Row],[Purchase Amount]]<=100,"Medium",CallData[[#This Row],[Purchase Amount]]<=150,"High",CallData[[#This Row],[Purchase Amount]]>150,"Very High")} -> High | I7: 4.8 | J7: =IF(MONTH('Call Data'!$F7)<=6, YEAR('Call Data'!$F7), YEAR('Call Data'!$F7)+1) -> 2023 | K7: =TEXT('Call Data'!$F7,"DDDD") -> Tuesday | L7: 30 to 60 mins | M7: =ROUND('Call Data'!$I7,0) -> 5
A8: Call_7277 | B8: C0007 | C8: 84 | D8: {=_xlfn.IFS(CallData[[#This Row],[Duration]]<=15,"Very short",CallData[[#This Row],[Duration]]<=30,"Short",CallData[[#This Row],[Duration]]<=60,"Medium",CallData[[#This Row],[Duration]]>60,"Long")} -> Long | E8: R05 | F8: 44929 | G8: 60 | H8: {=_xlfn.IFS(CallData[[#This Row],[Purchase Amount]]<=50,"Low",CallData[[#This Row],[Purchase Amount]]<=100,"Medium",CallData[[#This Row],[Purchase Amount]]<=150,"High",CallData[[#This Row],[Purchase Amount]]>150,"Very High")} -> Medium | I8: 4.7 | J8: =IF(MONTH('Call Data'!$F8)<=6, YEAR('Call Data'!$F8), YEAR('Call Data'!$F8)+1) -> 2023 | K8: =TEXT('Call Data'!$F8,"DDDD") -> Tuesday | L8: 1 to 2 hours | M8: =ROUND('Call Data'!$I8,0) -> 5
A9: Call_7278 | B9: C0003 | C9: 103 | D9: {=_xlfn.IFS(CallData[[#This Row],[Duration]]<=15,"Very short",CallData[[#This Row],[Duration]]<=30,"Short",CallData[[#This Row],[Duration]]<=60,"Medium",CallData[[#This Row],[Duration]]>60,"Long")} -> Long | E9: R04 | F9: 44929 | G9: 148 | H9: {=_xlfn.IFS(CallData[[#This Row],[Purchase Amount]]<=50,"Low",CallData[[#This Row],[Purchase Amount]]<=100,"Medium",CallData[[#This Row],[Purchase Amount]]<=150,"High",CallData[[#This Row],[Purchase Amount]]>150,"Very High")} -> High | I9: 4.4 | J9: =IF(MONTH('Call Data'!$F9)<=6, YEAR('Call Data'!$F9), YEAR('Call Data'!$F9)+1) -> 2023 | K9: =TEXT('Call Data'!$F9,"DDDD") -> Tuesday | L9: 1 to 2 hours | M9: =ROUND('Call Data'!$I9,0) -> 4
A10: Call_7279 | B10: C0005 | C10: 31 | D10: {=_xlfn.IFS(CallData[[#This Row],[Duration]]<=15,"Very short",CallData[[#This Row],[Duration]]<=30,"Short",CallData[[#This Row],[Duration]]<=60,"Medium",CallData[[#This Row],[Duration]]>60,"Long")} -> Medium | E10: R02 | F10: 44929 | G10: 135 | H10: {=_xlfn.IFS(CallData[[#This Row],[Purchase Amount]]<=50,"Low",CallData[[#This Row],[Purchase Amount]]<=100,"Medium",CallData[[#This Row],[Purchase Amount]]<=150,"High",CallData[[#This Row],[Purchase Amount]]>150,"Very High")} -> High | I10: 3.6 | J10: =IF(MONTH('Call Data'!$F10)<=6, YEAR('Call Data'!$F10), YEAR('Call Data'!$F10)+1) -> 2023 | K10: =TEXT('Call Data'!$F10,"DDDD") -> Tuesday | L10: 30 to 60 mins | M10: =ROUND('Call Data'!$I10,0) -> 4
A11: Call_7280 | B11: C0010 | C11: 44 | D11: {=_xlfn.IFS(CallData[[#This Row],[Duration]]<=15,"Very short",CallData[[#This Row],[Duration]]<=30,"Short",CallData[[#This Row],[Duration]]<=60,"Medium",CallData[[#This Row],[Duration]]>60,"Long")} -> Medium | E11: R03 | F11: 44929 | G11: 105 | H11: {=_xlfn.IFS(CallData[[#This Row],[Purchase Amount]]<=50,"Low",CallData[[#This Row],[Purchase Amount]]<=100,"Medium",CallData[[#This Row],[Purchase Amount]]<=150,"High",CallData[[#This Row],[Purchase Amount]]>150,"Very High")} -> High | I11: 2.9 | J11: =IF(MONTH('Call Data'!$F11)<=6, YEAR('Call Data'!$F11), YEAR('Call Data'!$F11)+1) -> 2023 | K11: =TEXT('Call Data'!$F11,"DDDD") -> Tuesday | L11: 30 to 60 mins | M11: =ROUND('Call Data'!$I11,0) -> 3
A12: Call_7281 | B12: C0011 | C12: 102 | D12: {=_xlfn.IFS(CallData[[#This Row],[Duration]]<=15,"Very short",CallData[[#This Row],[Duration]]<=30,"Short",CallData[[#This Row],[Duration]]<=60,"Medium",CallData[[#This Row],[Duration]]>60,"Long")} -> Long | E12: R02 | F12: 44929 | G12: 69 | H12: {=_xlfn.IFS(CallData[[#This Row],[Purchase Amount]]<=50,"Low",CallData[[#This Row],[Purchase Amount]]<=100,"Medium",CallData[[#This Row],[Purchase Amount]]<=150,"High",CallData[[#This Row],[Purchase Amount]]>150,"Very High")} -> Medium | I12: 4.9 | J12: =IF(MONTH('Call Data'!$F12)<=6, YEAR('Call Data'!$F12), YEAR('Call Data'!$F12)+1) -> 2023 | K12: =TEXT('Call Data'!$F12,"DDDD") -> Tuesday | L12: 1 to 2 hours | M12: =ROUND('Call Data'!$I12,0) -> 5
A13: Call_7282 | B13: C0013 | C13: 135 | D13: {=_xlfn.IFS(CallData[[#This Row],[Duration]]<=15,"Very short",CallData[[#This Row],[Duration]]<=30,"Short",CallData[[#This Row],[Duration]]<=60,"Medium",CallData[[#This Row],[Duration]]>60,"Long")} -> Long | E13: R05 | F13: 44929 | G13: 46 | H13: {=_xlfn.IFS(CallData[[#This Row],[Purchase Amount]]<=50,"Low",CallData[[#This Row],[Purchase Amount]]<=100,"Medium",CallData[[#This Row],[Purchase Amount]]<=150,"High",CallData[[#This Row],[Purchase Amount]]>150,"Very High")} -> Low | I13: 3.4 | J13: =IF(MONTH('Call Data'!$F13)<=6, YEAR('Call Data'!$F13), YEAR('Call Data'!$F13)+1) -> 2023 | K13: =TEXT('Call Data'!$F13,"DDDD") -> Tuesday | L13: More than 2 hours | M13: =ROUND('Call Data'!$I13,0) -> 3
... A1001: Call_8270 | B1001: C0009 | C1001: 114 | D1001: {=_xlfn.IFS(CallData[[#This Row],[Duration]]<=15,"Very short",CallData[[#This Row],[Duration]]<=30,"Short",CallData[[#This Row],[Duration]]<=60,"Medium",CallData[[#This Row],[Duration]]>60,"Long")} -> Long | E1001: R01 | F1001: 45291 | G1001: 40 | H1001: {=_xlfn.IFS(CallData[[#This Row],[Purchase Amount]]<=50,"Low",CallData[[#This Row],[Purchase Amount]]<=100,"Medium",CallData[[#This Row],[Purchase Amount]]<=150,"High",CallData[[#This Row],[Purchase Amount]]>150,"Very High")} -> Low | I1001: 3.9 | J1001: =IF(MONTH('Call Data'!$F1001)<=6, YEAR('Call Data'!$F1001), YEAR('Call Data'!$F1001)+1) -> 2024 | K1001: =TEXT('Call Data'!$F1001,"DDDD") -> Sunday | L1001: 1 to 2 hours | M1001: =ROUND('Call Data'!$I1001,0) -> 4

Sheet Dashboard-Insight
AF4: The analysis shows that R03 generated the highest total sales, while R01 achieved the highest customer satisfaction rating. This indicates that strong sales performance does not always guarantee the highest customer satisfaction. Saturday appears to be the most important day for the business, as it has both the highest revenue and the highest number of calls. This suggests increased customer activity during weekends. It is recommended to analyze the sales techniques used by R03 and train other representatives accordingly. Additionally, increasing staffing on Saturdays could improve efficiency and customer experience.

Sheet Pivot Grouping
A1: Duration Bucket2 | B1: Duration Bucket
A2: Long | B2: 1 to 2 hours
B3: More than 2 hours
A4: Short | B4: 10 to 30 mins
B5: Under 10 mins
A6: Medium | B6: 30 to 60 mins

Sheet Q1 - Sales by Representative
A1: Representative | B1: Total of Purchase Amount(Total Sales)
A2: R03 | B2: 20872
A3: R02 | B3: 20581
A4: R05 | B4: 20104
A5: R01 | B5: 18415
A6: R04 | B6: 16651
A7: Grand Total | B7: 96623

Sheet Q2
A1: Representative | B1: Average of Satisfaction Rating
A2: R01 | B2: 3.9227513
A3: R04 | B3: 3.8973118
A4: R05 | B4: 3.8825
A5: R02 | B5: 3.8706422
A6: R03 | B6: 3.8589372
A7: Grand Total | B7: 3.8854
A9: R01

Sheet Q3
A3: Duration Category | B3: Num of Duration Category
A4: Long | B4: 761
A5: Medium | B5: 179
A6: Short | B6: 44
A7: Very short | B7: 16
A8: Grand Total | B8: 1000

Sheet Q4
A3: Day of week | B3: Total of Purchase Amount(Total Revenue)
A4: Saturday | B4: 16007
A5: Wednesday | B5: 15702
A6: Sunday | B6: 13476
A7: Tuesday | B7: 13143
A8: Friday | B8: 13120
A9: Monday | B9: 13054
A10: Thursday | B10: 12121
A11: Grand Total | B11: 96623

Sheet Q5
A1: Representative | B1: Total of Calls
A2: R02 | B2: 218
A3: R03 | B3: 207
A4: R05 | B4: 200
A5: R01 | B5: 189
A6: R04 | B6: 186
A7: Grand Total | B7: 1000

Sheet Q6
A1: Day of week | B1: Num of Call
A2: Saturday | B2: 161
A3: Wednesday | B3: 153
A4: Sunday | B4: 146
A5: Friday | B5: 141
A6: Tuesday | B6: 138
A7: Monday | B7: 133
A8: Thursday | B8: 128
A9: Grand Total | B9: 1000
